decade,avg_popularity
1960,9826550.0
1970,11606191.666666666
1980,5845754.285714285
1990,20495165.210526317
2000,16008192.513513513
2010,6658854.921348315
2020,3857787.3515151516
