decade,avg_popularity
1960,9826550.0
1970,14922246.42857143
1980,8184055.8
1990,20495160.94736842
2000,14153200.488372093
2010,6974952.30952381
2020,3747189.994117647
