decade,avg_popularity
1960,9817074.0
1970,9477446.909090908
1980,5094005.0
1990,13721386.363636363
2000,9677666.5
2010,3832417.7288135593
2020,2899251.337254902
