decade,avg_popularity
1960,4915531.5
1970,14934398.57142857
1980,7184121.0
1990,22047471.8
2000,13271048.0
2010,6969966.382022472
2020,3962119.6325301207
