decade,avg_popularity
2000,6257432.52
2010,3470506.5581395347
2020,1539734.1818181819
