decade,avg_popularity
1960,9817074.0
1970,9476885.272727273
1980,5094005.0
1990,13721971.545454545
2000,9678957.985294119
2010,4048697.595505618
2020,2899467.498039216
