decade,avg_popularity
1960,9802900.5
1970,10398929.4
1980,6103410.7
1990,15585997.344827587
2000,10678077.103448275
2010,4066736.619631902
2020,3109086.328888889
