decade,avg_popularity
1960,9778850.0
1970,9631746.888888888
1980,6085718.7
1990,15531697.620689655
2000,11777314.75
2010,4435234.429577465
2020,3199622.721153846
