decade,avg_popularity
1960,9774158.0
1970,14435073.5
1980,7602522.875
1990,19982154.85714286
2000,17261836.22857143
2010,6231540.602150538
2020,3627695.993939394
