decade,avg_popularity
1960,9826550.0
1970,9495977.909090908
1980,4957679.692307692
1990,13738731.787878787
2000,8702336.131578946
2010,3934363.0153846154
2020,2828732.794117647
