decade,avg_popularity
1960,9826550.0
1970,14922246.42857143
1980,8184055.8
1990,18543246.666666668
2000,12177193.3
2010,5405120.770642201
2020,3512482.1510416665
