decade,avg_popularity
1960,6554042.0
1970,14934402.857142856
1980,9034169.166666666
1990,20043156.772727273
2000,13243709.652173912
2010,5909714.18556701
2020,3892765.971098266
